41.35702047413792	56.48981357758619	15.862681034482767	-3.465059267241388	5.32938146551724	13.932219517899775	91.61436328075645	1994.464822888739	-27.79508855596945	-185.4016329463154	1942.1498615814514	-24.911198084993483	149.19548762041686	-13.4247631051112	1311.583707219547	-23.78188279013776	-73.15798312069667	561.6632567973207	103.59725103230673	787.7905110678462
48.28471643518521	45.018348379629636	3.744324074074075	-2.5678113425925937	8.706709490740737	42.77051123787803	124.1493345860567	2022.1929654260857	15.798378496988544	165.9849159623307	1446.0834986704388	-7.959686999744128	-159.05256645461316	-223.19418667340753	1560.4450477178782	-60.496503772192966	-52.208816351338854	15.863350892757593	-175.04770046486894	861.4274325278734
44.838225235849066	-36.10988207547174	0.03595636792453129	-17.24514386792452	59.34112971698116	66.85754158252355	443.8358755783917	7298.819382604006	128.70149853341243	945.0903161195332	3963.2545266384236	15.02534132957405	-10.78825928610046	492.63805548193073	2171.495234342509	-29.48676043133958	292.5563703832877	928.4851054066023	-71.52832470775311	1513.7874282591179
41.183232407407466	61.2087935185185	-3.3233796296296143	6.422650000000004	17.853599074074058	34.75387681357938	20.16278196743226	1607.5385932842191	136.17031009748789	357.30746958179844	2232.356985744765	-69.11900243069448	-230.17766376393516	-898.5113785106489	1502.7913569108334	-9.088265197562585	21.07596471258664	219.548309807056	-40.78729026717604	424.4387978772214
47.325338150289014	5.556464354527935	-8.754960500963385	-4.706949903660886	20.01065799614645	103.36485736445981	287.8500716108011	4617.6209462333145	143.3205629461808	1080.5714146916773	1813.3480422229104	-25.477730116169393	-346.2938182255741	-301.8714357119985	1630.8772396352554	-40.805716042347434	-711.2858002034241	-119.35415058668387	26.58059283505229	684.658491905191
51.16502402402394	59.33136536536541	19.79480680680679	-6.654118118118119	17.146250250250255	28.828620375799208	75.27975500423545	1716.955410758399	46.459802735372	325.1487029204364	2091.7905977554706	33.630246792627446	-30.606142466353194	-438.47889700279984	1852.1589109129789	32.97143772471876	68.0546888545132	499.02806447777607	-73.73774644691743	764.9849935890271
40.5562192771085	47.33596626506019	19.519507228915657	-0.8431397590361449	18.79381325301202	21.72057683384527	158.76277019896358	2749.3850913844035	-4.5326363967658665	-311.5466124804791	1316.6069663921164	6.256298688477292	-245.1064085950766	-397.11501137850723	1723.8880679708286	-43.68708359519525	-582.8058034593121	232.35418132122987	-107.8774211947743	771.6929374892211
43.32584655172417	-17.602548275862087	-27.12075	-31.60238275862065	37.17325000000001	35.08841200576395	99.17783126759217	3895.817207389052	174.4111928245691	706.5875887146549	3097.8684298185344	48.51766451023187	227.75865410221158	348.1203299060344	2759.3167170328065	-3.612912156465515	-570.6569151732753	-191.59447068318954	45.82417073017249	1299.1976057081893
47.511475826972045	39.609832061068744	15.573562340966916	-6.922091603053445	15.499940203562332	53.14276357511547	297.6357713445411	4100.1867584730735	200.052622131914	1318.9569270740844	1991.8400753046415	17.59335772424877	-222.23877109299227	169.1240554281025	1206.6786989763411	-50.146123147119816	-223.0283572581335	-67.33462349818062	-54.02209038206787	671.0755826440064
49.77494524119949	25.08314080834421	-0.14866753585399659	-7.1045840938722415	15.732880052151263	42.220552395958435	175.08973385125674	2265.638082762439	157.35418630112568	589.8483240444515	1614.8977368555677	-7.100094822075524	-336.49404444969747	-362.6790714342323	2172.6080709235016	48.162397255491875	325.36231612901435	301.7988209460061	-306.4890072682358	632.4879569686638
53.29909925925927	70.68945333333328	20.57877333333335	-7.0733629629629675	11.4095362962963	62.78303340792544	-63.39753049684935	955.7622950537493	-57.94779689898271	395.2762171101638	1753.0757846108434	-29.084552989157775	-38.517710294716046	256.5291848703207	502.9925175438126	-36.32734573471389	-143.20295012312104	368.4391797719307	107.9151869887297	712.3506317894233
50.545235971223065	44.30292949640288	9.226995683453243	-16.85124316546763	14.895925179856064	18.880338370216855	50.66073587994613	1393.3032249288433	64.6608250844718	235.03108909753752	1058.9891897309162	25.650535663135443	-94.43889183728808	17.801137955784984	716.9583975451874	-54.19799362982666	-540.7177963808144	-121.03367472550288	-67.78980625272604	812.4840038936827
41.35280924170619	68.88370853080566	10.010797393364923	-3.785817535545028	7.8822772511848305	60.06959722072025	-164.13086756033945	2857.0091018297358	47.36092650282028	704.1256540499508	1681.166590173406	0.7007877457071015	320.2527133849357	90.06892915545191	2368.406647070971	9.891065919001704	-314.25568481018513	158.09919566873182	34.61276407618877	639.2948792951696
50.680121951219554	62.23603181336166	3.1036511134676563	1.645014846235419	4.859360551431606	12.511606202519202	8.203021452111837	983.6284871442696	26.237464623671197	524.0130768838452	2658.4541821083903	-1.7460438745570677	-319.3485156335579	-435.7376230075462	1004.190062631803	-21.19042964842356	31.318776934446966	630.3313526157168	-62.85467533621186	616.3890165847425
45.45384959349591	41.06269817073177	24.41928963414633	-1.2876189024390257	23.87250101626017	112.83392729648367	300.7880658641562	4238.799795850971	192.18464467059522	1315.2647379502237	2251.130791939487	36.37971273618137	400.93697355506714	258.3154637422643	1538.3946955265108	-76.75303893277399	-277.664507589632	229.11721600936005	96.6438634797957	844.5773608861781
48.975115508021354	37.432043850267334	-10.01940855614972	-2.7729668449197846	-1.2113689839572133	22.372752555641892	40.27864072327713	1742.4763287093072	21.588078774464233	525.2709202189849	1417.7635147314757	31.70911924643768	536.6607443771557	6.349216096968198	1730.560640119758	-29.630651014063925	216.55462479265077	264.4888946781263	127.20169526464011	523.2892489365779
50.982493440968774	49.34385469223007	-6.631884964682154	-3.0545560040363235	-3.3271069626639633	19.28013984228795	108.35195351569654	3187.466440265465	50.77708700479085	1090.0686899884615	2502.549660832382	10.315839952458102	-143.2305970818007	-454.87801354552494	1986.4058480167903	-3.2805224709336644	293.93566586134943	623.7428578367239	-12.996862352105415	870.577632608135
34.078598850574714	11.429852873563231	45.48471494252876	10.062112643678153	-22.47513908045977	13.556371640228555	45.08044641569297	1123.7074162772058	61.03886616381027	-4.162814201709661	1325.115748507249	-14.216496608836014	-313.4496256133119	-221.5038164414531	1032.3889722034041	-28.150394381079405	-433.38329550322163	65.343897390239	175.47940890187374	680.5973992737609
52.850848254931726	64.43622913505314	5.940094081942339	-5.531614567526552	3.790259484066768	20.469603354818645	48.71731805146207	1607.9907986318697	104.18125047861635	11.454212913192155	1918.5197047498739	-8.01283877459294	-380.0905200185135	-554.8572072745013	1964.5329193658572	-2.725679783082844	-70.89204545399407	53.25979850972986	-61.41435233370085	577.2375053909374
51.69882206896547	63.61484689655167	22.851303448275868	-11.448679999999994	23.239628965517227	16.81387899040952	66.6825915024133	1727.9252837379381	44.087060011234215	399.80775872783846	2139.1113926941243	13.119529832110386	59.816943810372386	711.3333267608273	1587.0596512410473	20.34381665674008	-0.6874016292205548	619.2596540987964	117.67788485666235	848.6378145147472
50.114880341880365	29.17221855921852	35.94991819291818	1.3247619047619048	-5.522488400488408	31.108877038184993	91.23483737047454	1463.1643390401446	27.928331253947356	52.21020848308112	773.7874508516711	-4.1424010358160395	-133.5489079552883	35.60670110384323	502.9944364671206	25.247219398213392	177.76742598830705	12.09434340204783	-64.24286346793413	425.86073579565266
50.482332908163265	42.83735076530617	19.74715943877551	-5.927362244897967	26.733820153061203	24.787594484835402	94.05547397633973	2413.4435573705846	34.81459588824808	242.0088497221357	1528.1898922309567	-2.8638671166506153	-23.535141514518717	-5.83789720244818	1589.6357951927598	-64.80656971436217	-265.0444649713551	154.91426751209286	130.10997079199424	878.3969110199504
42.03189631650752	117.37809413369713	5.617804911323321	-0.7088526603001356	11.792956343792639	17.166491315307024	-8.880129549585032	1776.1353908274305	23.906873792869366	668.481602338964	1860.2502216413413	-0.2731086532089816	24.26864556730363	-49.78420148285186	1618.367022611307	5.769729144177531	-171.39370867938302	408.89541144578067	184.51857606645956	825.3128491358833
53.211439293598225	51.311644591611454	23.150688741721854	-2.3708631346578386	35.03073399558499	17.692547213202136	8.102167202486243	1515.1010019354933	-4.938846636996912	65.54687834191485	1242.6085877574214	7.297047763275479	15.823674271601151	-173.61306508322718	1202.0110756744239	-31.34384025511062	-266.2738029267695	434.4291107693012	79.37049585097637	914.2370500892863
51.21760598290591	86.98001025641024	-16.530736752136765	4.676383760683754	25.53614529914531	23.540650259280444	36.398551004041224	2189.6152089092934	189.714371058425	1014.9258544400346	5444.995645043525	-95.96717525391992	-686.8443641201749	-1350.3291186155545	2774.1820964997346	26.030709070925553	197.06424163953514	1649.002339277988	-127.41255612840943	1269.76567913957
51.94330893617017	85.88032340425528	16.145672340425527	-6.599611914893618	5.441433191489376	34.09242788328192	9.979162946046229	1727.0456148656206	58.31679808931103	336.89459935873214	1287.7930118015784	-8.100968641595657	-8.978616914444453	-152.91479452390408	1034.8360675157724	-89.12475596276464	-129.76703134690462	-210.89709043337993	151.29641448975704	1016.8255851238351
52.12151059085846	77.28780156075813	17.913220735785956	-0.17696655518394763	21.85985061315496	17.808925150668223	-3.7262378808414907	1098.3432375726613	18.008374381162774	406.7646642065678	2929.7859679089133	-6.947646861000819	183.08045120619025	587.2634246347583	940.2602293143793	-22.652789980580643	-4.6107905235126445	862.5597908389955	266.5118952680956	878.4547537770142
45.18362925170066	42.021933673469405	39.43661309523814	-2.544395408163274	14.145574829931979	91.52007468397433	175.1025208759199	3644.32790448199	5.942411944991072	1747.976463311922	3953.644840352858	-43.57591655816164	482.8625009304061	998.2826317925927	1766.3456164890604	-74.11505907004606	129.5425314607458	356.9806375965541	156.9375345453196	665.8445783277339
49.91869054441264	26.413362464183393	5.89052865329513	-11.659727793696286	5.550383954154732	20.470143603377647	53.374413867180884	1887.201921566327	87.19389210342263	456.079561560531	2069.56859798557	18.38942607277443	232.23606310047526	22.303961277300594	1899.080424476046	5.780663557212186	129.3777015427787	536.6377559517492	58.372162885456575	1045.607592288108
51.60690998766955	85.50758569667066	41.05732429099877	3.2890197287299636	15.092134401972865	8.339446222477312	3.7177900934104247	1406.1522398998702	25.134827323888047	-30.918560933462786	1364.3608663153034	12.968015229889268	-244.27847259601862	-33.79890590158898	960.2150172696495	-18.47313894967777	-135.03573377538947	364.8325229490164	-44.21238873877982	606.2268292926638
47.15092584009273	56.8988609501738	-19.541933951332556	27.76352723059095	1.1012560834298957	45.24676510921646	95.01113863974605	2812.2987771834487	55.496826971294496	1008.6270612675833	2128.798141320088	-50.59666736066889	-52.79818030212328	-1351.8465606362138	2911.215427683791	-29.08404134717338	64.0080262858981	303.32351666906544	-322.3358707943435	388.9866958475154
53.33008982035923	46.708336526946105	9.93408982035928	-9.017843113772457	8.628792814371254	20.891745305704763	29.98389204641976	1199.8297188196825	83.55895911648322	34.498240992527506	1622.6659228673805	11.105125286507196	-117.51228367914392	-63.810360676367026	1325.5813713490404	-19.380704794564185	-299.6333919135099	119.4616842174119	-42.662771385459564	555.3714520157562
50.21449498746865	14.187021303258161	-9.085438596491226	-1.754547619047625	20.109208020050136	64.89357331764404	528.0401572651447	6052.253102577236	357.62177407298844	2933.357560253702	3804.129196376555	-125.15502900337161	-1376.0786083103903	-1322.423313114871	2377.6089909043703	106.49715126044129	1023.6802188602286	1040.1699087842205	-542.6878345063852	1006.2542312649985
42.17026998491701	41.03685972850678	8.966315233785824	-16.75262141779791	11.785846153846167	15.282757500260471	70.93539287950017	1310.5693070074722	77.15565518789313	215.61187291752157	1077.3416725989698	21.835179507139937	-48.13750494387912	33.84694542816946	679.4937912186671	-48.13658418319986	-526.4879578134352	-113.07575639192495	-72.44255414085168	804.4688748843259
46.873381556683626	49.13277918781728	7.454917089678534	-13.189213197969538	14.940714890016892	65.99856375881382	130.28159264008974	2794.4283988488755	169.87907275498534	432.5264311542814	2043.02916154981	27.501697263242217	-118.99714120443703	244.91311857200182	1042.8482279613145	-11.490114698320994	38.11442050641808	-142.1774105524035	-117.39625073675786	731.6556821259888
49.166209459459424	-3.920254054054048	22.40485135135135	-4.0285364864864865	33.557391891891875	54.18562294666721	214.0641946491599	2797.496913024643	-50.36316072291825	-84.49483759722465	2362.3926593238493	-60.6298925470873	-449.069557548459	499.7156209243064	1142.357558100019	-69.32883039154488	-428.2928521490871	377.05788973663215	104.41042806024467	1014.5183743923669
48.2537793904209	81.97255152394769	2.1126966618287386	-17.564699564586352	5.118714078374451	38.30105852027194	-3.5073456315941325	1019.5484056145445	55.04511213627374	9.645064784134243	1035.1928509166935	6.696396683114912	-75.78150583333156	124.40270279940638	541.7123249677935	-30.786607999216347	-66.49737737786619	104.17051099890026	38.47968692044382	709.1162311446642
48.27474579124578	24.871594276094275	20.719106060606087	-0.8968468013468042	-16.03244781144781	17.29337451281901	93.91068597261899	1740.370932887579	68.86615233167538	12.736459667610445	1406.4877983102988	-17.431955833109434	-367.3684661819514	-381.781696947225	1515.0680373283815	5.739520541044557	-202.85837224734428	146.85708976298332	25.19940536826739	796.0152160721921
41.36796275071637	1.4422707736389686	-13.525826647564472	4.676164756446985	12.112156160458458	14.954309600331698	-4.8397355300285	1273.0428066215247	37.269852284394275	224.64455663357674	2049.5322894355654	-21.59927590073972	-169.9776744056431	-426.8385737434609	2503.8613505502212	-14.323990317965354	170.42811243049513	787.0335578010096	-49.883357697648215	1884.4163649025484
48.676014051522365	28.358444964871165	28.14213114754099	15.901872365339587	27.927976580796273	34.64703059465034	18.58215745627682	1234.2813153851448	88.18924796185748	513.6499542097939	2581.793974910202	-2.745992946684303	-208.91436443266898	-917.2734153778733	2269.5908048373376	-58.27954042355851	-75.10513581159323	287.794869726725	-271.0447278109516	615.2325315263837
50.32577777777786	40.573225458468166	11.934141316073369	-12.791743257820938	6.446117583603014	47.58925973918254	80.52432013100788	1618.8927250462555	118.04184353086416	285.10066891959565	1401.4143931375263	-0.7791498426225413	92.13164720209375	237.77318646210014	994.9953965964336	-28.323137329857285	-183.93882350655318	57.73816980215378	167.47847658361934	673.0951201598527
48.91896164021162	32.421425264550244	-12.965275132275151	5.6347242063492144	4.6860674603174655	38.45923754217928	226.8801295950159	4727.389622888586	96.99380308799117	1914.135371089226	2177.3077230962563	28.161540126325402	1178.952386471124	87.72469152398817	2121.265823373008	-44.69543064225365	235.60471627885116	362.5891048267617	207.32612942733505	633.720155402856
48.82736342857142	66.49113371428577	17.39349485714286	-1.8058422857142788	33.43996000000002	35.84462649420541	224.48304761197605	4690.375557174125	59.04183884415472	910.545551940688	3089.9262181471204	26.927005883253532	-147.08633243480267	-6.971731921474639	1807.889996800272	-75.85589571917714	-328.26976098550847	1237.8373997169374	92.59339116973715	1536.6296863606842
47.30582663316581	58.93981783919598	13.700165829145732	18.03395100502513	23.14704145728645	49.97905119858715	91.4814013528415	3478.9539730158103	34.04860246091004	-168.97880963310908	2841.679429060446	-99.36326133889617	190.06895119459247	-1998.2666008474027	3970.434048297852	-68.29479334080266	344.29845770604504	503.2590496489045	-99.29242900676286	591.2434776528033
49.45934567901234	8.955581790123468	8.693862654320982	-14.282811728395046	27.936341049382705	53.459361698407236	414.425583275739	5946.217516913064	136.01650089624263	1415.3517385305215	1679.862834319101	1.0181058114616544	114.40330598614443	68.98441258141384	1077.5218373812181	-91.4920203586344	-919.3088259623074	-136.40454300254103	-1.2071570811852235	714.0805871938711
44.69226306084817	55.52746957590655	15.957759680393357	8.115161647203443	17.897392132759673	16.710782574929315	12.438887030130001	1811.361947066528	69.63235466493964	417.515041433685	2026.289420825464	-16.93888486551016	-62.2623787808841	-448.0960777909004	2190.7075207292487	-24.866594561052782	98.58703590252644	468.6592547340644	50.78237743384703	863.8768068947878
53.948185770750996	56.300511857707455	6.8226373517786545	-9.723533596837926	43.60266996047431	24.60736241015328	150.02375548495144	2452.7791358961063	50.967701821322	284.02018457791684	996.0696229307396	-9.082890444351566	-374.490768970945	31.150304097994017	767.9666757172514	-11.756117630387902	192.83112077861688	134.671297877347	-4.072594758123872	584.6257995373187
49.69815013054836	52.27581853785896	22.772131853785897	-5.157768929503922	27.70193211488249	30.720062631507826	30.796855213927124	2045.8559039135478	51.8268436812491	57.13092801739912	1768.906949096191	15.528251218572969	-101.38884901551062	-83.0586765787704	2029.815582746867	-33.77749069215822	-164.8557384587936	252.50338198284135	23.450442979132646	702.8511286429117
50.14005046480738	38.007411686587	7.292779548472776	-15.302533864541827	17.24754448871181	42.881037027997806	46.76752907616978	1443.7634580669023	135.08809617181572	34.60141891014614	1458.3536527189976	52.5082416391592	-14.95147157835589	188.1853349938623	1092.0784371067543	13.545423360304696	-22.675468917385754	58.75573740688596	-22.359921672132227	620.4552002320847
39.623209876543235	66.56759788359783	32.14358377425042	6.68389770723104	25.886042328042333	26.580764839549712	-6.542276501143112	2658.7860112351286	76.7039895600192	-450.7554748710753	2401.5874337985374	71.86513405497855	-394.50428444501364	-138.40681045174793	3963.697998592708	6.323313754784765	-195.03157905881685	302.9322149505988	221.52947229709878	846.8093496243107
53.65980657894738	75.58103289473681	29.099235526315777	-3.1576263157894693	29.17680921052634	8.640864861272506	12.000265362941496	1004.4814242660242	6.215945253450472	144.59403194488414	1277.2001514747908	3.184854755173124	26.817879917970917	-6.531048564328193	1033.6715283077283	0.9443540512551903	153.95941829838117	502.53199345546176	59.6864849147161	531.8222686043881
44.9006426701571	-19.542222513089	-24.826789267015723	-0.10446204188481727	27.627154450261767	29.965365237498663	181.83495015870932	4386.887243646815	127.86407602687176	552.0317058636444	2077.7181804281076	44.66429303646931	-563.1914977716586	-355.25921901127117	2894.3031538689775	-23.33344630214016	-512.1266506384078	152.12934905907508	71.73766462110062	773.8721864709087
53.71727319587632	155.01920790378014	15.740190721649487	-17.340634020618538	36.00027663230239	5.783764171068488	-13.506143211437623	355.5480518072917	-9.922784048667937	236.8457117472898	285.4135934842436	-2.3030637408775267	19.024875458275794	51.48493878071526	100.89472432138555	-7.504574565265526	121.78025823114689	130.71342221699962	27.04067789360368	84.4897094544024
47.06577654320991	21.19254444444448	40.67686543209877	-3.458488888888889	-11.766575308641979	25.182013951301602	11.136880032770918	1375.6898856035798	29.30959140820153	-183.44019363043904	1195.1303657658414	19.723252141371738	-143.90720863012314	41.477514023100184	1415.90913457827	-22.735462159420802	-12.470620136159145	309.0870800954211	38.37337889034292	837.9121111653158
24.470080808080805	6.408616161616165	37.01837373737376	-2.283838383838384	32.431000000000004	51.24405609448017	-56.27673051443732	2210.2355874890322	267.9601050304051	-35.48692956361609	3460.691664981534	185.93570375461692	-562.5066065642283	-968.0134114240385	8146.287353973875	17.898745757575764	-65.16626556565657	629.4293045656565	192.10780014141412	608.86660189899
50.03903921568626	50.43607843137254	15.145323529411758	-1.6042254901960775	-21.25246078431372	50.01099346905036	-5.073733836409059	894.9326468958092	100.21395713437137	209.39414521972319	1982.375317375721	-8.685556432333723	-113.9034172078047	-434.96329104469436	2219.4538656452337	-45.26976068781239	162.61397220280668	213.42930101182228	-0.5715522607651752	579.18543299356
48.26795	24.058012499999997	8.77725	-20.609925000000008	3.257675	60.02890322249999	8.060779363125022	1509.3999678123437	7.1041510125000205	64.72886185937504	849.3866553375003	48.87555852875001	-636.8894454634373	-493.05087068125005	2124.891603944374	-119.68256696625	-670.4901251459373	6.289961656250006	174.86575743687496	1154.2719659943753
38.180604439959694	34.18971705348143	41.13438022199802	5.127479112008075	34.62100686175588	68.96932179267472	123.14707760351682	4069.3647147667593	44.20230819500196	344.32373181616003	2618.6583483054847	27.951902571757596	98.91854548631933	362.8664840283258	2150.0145593002153	-54.177593304853914	-235.06478254821	564.9290711132353	173.9224728489834	930.6907201210433
36.54021030713173	36.1490213430505	53.36441020301934	8.09594534096825	39.92478500780843	44.128155229065996	48.752073081404184	3374.8502384008993	56.305500276042615	-270.72977338720386	2545.34898938717	68.33819042690374	-225.96567712637045	106.6198989370492	2989.056915289566	-17.99380694020984	-372.7718285446044	618.2707223968835	204.77184120792595	977.2258042510225
33.821830386378515	25.038322855271705	30.79952586771449	1.1859626719057008	35.44900720366731	37.87090783043226	4.1738630128483925	5470.301388766093	51.53093552010439	802.8603681825456	2472.5885372316493	56.456211695698684	198.58499961257547	98.12915507791368	2912.9953913470013	6.556135297227081	-155.3368204175191	499.8549835463094	160.97626848684394	911.0331430326925
29.290109929078024	-53.25662056737588	45.02293262411349	7.52451063829787	28.693039007092214	33.451642431177994	-34.60089703107237	1740.3588639304985	51.282125557051934	-356.81130676876097	1080.8204037295045	110.10899939776665	-416.026246707937	-424.33594824573754	3202.89396020024	4.577285343229715	-214.17013861409137	248.6008361586566	86.29815051199638	469.36542195947123
39.24776618705036	57.223928057553955	24.33680215827338	-1.9096798561151078	30.12693884892085	32.39675784101497	-30.23015402401527	2878.777129894105	27.463751942950676	-688.7821770214272	1900.2926920004268	57.762129974134375	-538.7279524409967	-206.59374395105084	3622.4865537356372	-18.701989773290673	-172.1815563892915	576.2137497253118	67.93333531094402	1050.270882841584
41.00005298013243	51.198529801324526	23.927463576158956	3.7670927152317883	22.401447019867557	26.067067811762666	-24.106884130717976	2525.3400147325556	21.813674631068807	-715.8253102687819	1995.8467615599334	28.019355405684	-603.1011412378618	-260.3890029933114	3147.1762299649126	-27.716921162756012	-368.38148231961304	534.3659770013816	188.19903217709748	926.1791337240142
22.918421487603297	13.10023140495868	23.309561983471077	2.2958016528925635	28.079380165289272	70.86289477276145	-83.67396600662528	2811.184345715047	287.1230457796597	-476.48521618789687	2864.127355766818	226.8573459348405	-501.23529266484513	-4.336418293490767	6469.337562324295	29.92240419513695	-613.9106592202037	601.1638729929651	198.1884192489585	711.2446648306807
31.40661589403975	-62.39653642384103	28.628000000000007	11.386642384105958	22.31097350993377	22.21861855444937	-49.37662110008334	2407.5441614142364	37.00811018543047	-661.5737476754967	1248.8030897748342	79.69118841230654	-708.0279274567346	-404.3523774768212	2602.0474498588637	27.622373016315073	-84.2780547559318	192.46603677483446	-67.25457829424145	636.9854651383708
41.726505617977566	54.89550842696628	30.920255617977542	6.261432584269662	27.456210674157298	25.133007688170675	-42.23648898740686	3209.52828849712	39.583771303339184	-445.96478169737924	2209.7565556003906	64.42700428689554	-667.1637195738704	-14.536535217317864	3772.66135418366	-22.294952331239738	-155.4668996014944	487.81506335625966	301.7381950970677	871.248245317976
40.985786931818176	46.42321306818179	32.24339772727272	4.6453636363636335	24.63321306818182	35.730731735851975	-31.899819724488292	3038.3016401619907	37.39456277224303	-295.38452755633386	2591.5571423418155	50.05007224509294	-414.88576917975246	94.17915813946288	3522.652777873448	-9.718063698920174	-75.41501176130713	548.9164149749158	258.7519020162708	903.6258916108524
50.05086923076922	51.64606923076922	21.620384615384612	19.826153846153844	-0.9592769230769262	18.631114944437865	10.516004170591707	1372.8432821875144	11.30735774260355	78.13859005798813	1764.4949036520713	-12.896644256804835	-484.6424160491125	-933.2446250668643	4702.448195376333	-47.28039395928994	-39.493570480828375	795.6911491603552	-426.54204977278084	844.7168139079291
24.324880434782614	4.279239130434786	19.030619565217393	7.665342391304347	29.05476086956522	84.36545732266067	-10.326663302930083	2342.7080197580335	348.90668547081754	96.8826408953215	3140.6397864422256	288.45085669854683	-220.19683900035412	-289.3624939240902	7917.354959333854	47.46600986814747	-308.2512371819472	450.61222592533085	56.152577891658794	566.2047167471646
39.665098039215685	44.0572941176471	63.38571459694989	15.356169934640532	38.40841176470589	90.65156724746885	-18.954479495066003	2017.5897441378975	-83.63164461036354	-267.96965990298594	2989.3240371494826	-46.583493820581836	-28.54368615673458	528.9136168306352	3271.245377291385	-77.91632049570678	-233.8766591755734	1136.916436668717	464.1299539169547	1114.2324585602973
21.738119170984458	-1.9127875647668406	21.293808290155443	-1.8586943005181351	33.89390155440414	49.30412831222317	53.09553374670459	1800.1337258149758	254.49078232854578	195.46159250186582	2732.14055427931	197.32455015527913	-133.2989998214182	-511.6579580864723	6433.708867207062	1.958640068726674	-350.57866534696245	278.9380679759457	-4.368962840371589	504.4265443789095
39.40051541095892	45.65625171232883	26.992763698630142	9.633159246575353	35.10219006849317	31.810423215515936	-61.48085080610514	3626.635974613011	57.9064054231622	-574.1433310107259	2187.6753246016956	65.31210640422385	-452.76781467535807	-305.63920262846557	4295.609356507169	8.063603801009219	-158.08275277215753	495.5082000860089	208.86194655192404	1090.0194202498328
48.70365359477127	36.626185185185236	19.91436710239652	-4.908314814814813	23.63461220043574	73.82152901507962	156.2285325009683	2448.9444249504527	122.32093540167607	357.9960747947631	1614.4114571103298	-56.657327331275646	-81.24485969551354	175.19815521578738	1159.0744030130913	10.89720154976006	-19.92144068744437	192.3438631674168	-19.328557100298557	594.3535655206358
53.228809160305346	76.67277404580149	37.325065648854945	-1.4020610687022954	9.169453435114502	20.26703618495427	-45.22340451182329	1186.519275933677	10.73325804764292	206.5788426056731	1585.8867229163013	-1.8941785017306645	34.82810680299512	88.18432043759702	1175.0466937519952	-54.59134073178721	131.53877532535628	393.81642293359073	61.99887705517159	763.613352467678
52.686998624484154	63.62300550206331	13.97966299862448	-3.724823933975241	14.107550206327371	37.95473948417968	1.2213369009704207	865.4699675240416	58.638485749192576	100.48976068961211	1371.4001829607064	10.17504580904547	-67.43360456080377	-275.03440766418686	1232.3019029841323	11.894723414787089	-127.49858892874944	77.1961778539209	-95.83960362507071	466.12118779906126
50.079528954191865	32.95987208297321	22.22856698357826	-13.599303370786522	16.26000605012965	83.79219201234234	341.1382232716387	2557.5445332040326	79.83240594296092	294.0189285478942	946.7307828418818	37.351684172569556	220.54769390933546	107.32591401297431	913.5660333522187	41.006656521432454	71.96202721685017	49.8282671314011	-2.3357481416390664	500.0888932281395
45.15579687500008	-2.9731328124999963	-28.272044270833337	-3.4264140625000006	10.255608072916674	60.70309439103191	183.81743220609525	3091.307299354753	285.60666210038266	1125.2717695097454	3374.425167873038	106.41746966719572	153.18946735125735	-486.9454648620807	4042.9066838441786	-28.09149667075605	-621.3423630833031	129.78352453863863	-270.7996725750424	982.1341331211331
48.942431750741854	20.962609792284862	40.713114243323446	1.3879554896142425	-25.201802670623128	20.69295282694444	70.51118652752294	1430.8107759323066	11.275093277084856	-70.7158873886557	1328.1519010359116	-5.150603762681712	-127.97805632448994	-0.4838788643511431	853.4729876597411	42.441666215989855	285.31337328768194	378.5012268261208	93.31353436783364	1074.6955949328703
37.654410496906806	8.435247455597661	14.09005487926562	-7.26754120933945	34.518553382558366	34.17472048984397	64.79412854419968	4748.804558223345	77.77094746480003	485.13229635501096	1844.2716565667354	40.72353966978005	16.83936754801434	45.64120036975301	1928.610243771748	-21.46604102740129	-534.7653673636394	244.00612609076538	-17.654661643030554	945.7978960192534
51.664099730458226	56.552681940700786	2.6640390835579613	-7.827199460916435	12.215834231805927	23.052259866064624	29.288800012852295	1764.9177184702678	79.0187483775038	436.4156628978762	2320.3151262073657	1.9153738797306106	-230.7938234785344	-0.5862095380265615	1437.657619512777	-19.19143766540856	-119.99823710528477	541.3465288757508	82.01749646963113	930.3267930978575
44.27866597294484	70.38917221644117	-49.827838189386	-18.2054661810614	6.816402185223706	29.009401607468575	-36.29707578846879	2015.5187940634685	43.11352958682769	254.7854179346729	1965.3499808317779	-43.03389292210616	114.35926869943081	205.53024709624472	1090.359082827419	-49.5912014104043	441.47018156809423	147.34214057071807	354.1615752920695	822.6008051727928
53.813341059602635	61.1859624724062	1.5382417218542996	-6.255550772626934	11.949467991169977	27.875458149682764	86.66861080860481	1885.379897153117	175.48461551468878	517.5742575090708	2430.3149222936686	-36.652790462264086	-344.06308594451	-487.72718921896325	1078.5787752562526	-14.292864840628331	-39.83340441179719	5.893387575618014	22.21483487365077	802.2505159266806
56.15554499999997	111.48241125000008	4.506961250000007	-11.55312625	11.990531249999988	3.4753497029750022	26.275738883368764	1120.9718407071234	29.810465107368742	354.17905134343584	1266.7213244997486	-1.5803771036937435	58.269798740670275	57.58711835135775	644.8406626128115	-2.128710225781249	-160.25561449097657	405.8773984493363	80.6336506095703	741.1540948715236
45.33174382314698	2.5412769830949244	-25.72653446033804	-29.59095058517556	35.35218855656699	103.26272833099242	325.65769399293436	4798.899939836159	203.19458523759593	717.7196573534976	2037.5219357000483	86.07486913099437	282.9136980461309	333.5713233970221	2038.9014128974302	-49.1046999647001	-353.36221099891065	-326.967472298444	-246.27971090138533	910.293747286944
52.22708535178783	43.552517877739405	16.14412226066898	1.9498235294117663	17.909575547866233	14.410122394099167	31.729544381403706	1406.055755269289	58.140163716208455	469.68763143149323	2089.258387902008	-10.322029946875608	-216.49903924771036	-631.572639179118	1804.0391856585904	-11.943458180611932	-58.52186522539905	311.72969833909116	-189.53056234941272	606.195970221225
43.58553520088469	49.948823074087684	-30.39340471802438	50.5766516771103	35.30661960928859	38.43885300806793	-34.236846829009835	3687.7944074135967	-22.855568624898435	984.4901156987593	2716.9359385299076	-16.614394968018868	-108.37206385189666	-217.56895750993652	1509.8848222704887	-105.25871363054635	1392.4131857808402	1380.1557797476341	17.177218829167597	2156.7660564922394
51.23519089900105	34.02047946725862	-3.806269700332952	-9.914600443951171	18.76479800221976	50.355480922492085	194.05185291290965	2832.3170480897593	170.5865486108641	916.1670147686023	2065.6297032868624	-6.6329725723902655	-395.685242997346	-174.8369363361912	1087.9716520356944	15.381870353766512	-57.34905904077353	143.49175707093715	-10.109397377670108	532.6047658726269
47.669818287037025	64.75771064814819	-21.357253472222222	-16.991596064814818	8.124070601851853	8.919330111656322	43.42294378654135	1495.4519213954402	41.4201294932926	-142.84837125274086	1204.7008368697782	-6.127775036553449	-446.3985309294167	-232.8892963108084	1189.9163715764194	-25.190006152679977	-348.07428651082057	-59.37851354576184	53.366399073333305	683.9383109845986
48.64254943679603	-15.943254067584487	5.379264080100127	-9.813909887359198	21.96101126408013	78.30641848535326	323.4170990995441	3579.0356306125445	227.62297643813372	622.260197955705	2557.655946574818	54.62150108565773	147.467041895235	534.1834710275169	1606.6603588379387	2.7550565507572844	87.22838937707968	-113.88019790410114	-166.572578934682	642.9098985568196
50.73047157622741	78.47223255813958	4.430950904392751	-6.587218346253227	14.877926356589152	15.334349585109402	63.25248843942664	1729.2317746720141	36.76748567173113	539.9924960669726	1973.4409145686484	-7.426200756206224	-138.055512521573	-302.60227661924694	1547.273055113824	-6.460561113850312	167.86808894219095	747.8838706359195	-79.92577345794022	701.706997970028
44.10196666666669	-15.77801764705879	-33.518560784313735	-17.17556666666667	46.020739215686284	43.26523646359476	274.646129926863	7359.083644444778	175.32107708718968	957.3109408175551	2538.3004151168934	-27.968659097320273	-1323.0416103413702	-207.52966858640508	3112.5031279553564	60.18616630699346	1003.9222589326522	254.44614741454055	-400.6816003379741	1283.7514897574808
50.143618497109884	37.27807052023125	7.271004624277455	0.3528242774566462	14.699017341040456	16.710699403588485	40.80103472863785	2006.5381749626579	91.97417365841154	431.8376132829111	1873.048245216164	21.680586574579834	178.4839607002533	28.34152513607274	1710.2726470696991	11.36402565979484	160.17886626004866	351.33601905194286	21.103724718654135	822.0483948655947
52.200014869888406	60.18777137546468	17.33209417596033	7.314181536555141	21.918687732342022	17.26921107164998	23.280909447637534	1842.2853690995264	75.77883825014851	515.5063673505268	2193.9669748808487	-15.629654542972082	-105.94873182714555	-441.74038732998434	2260.0379438635755	-23.89996985966886	114.057330569872	509.2732047146622	59.69289023140914	851.7022617562667
52.4324106666666	55.99710133333325	26.64006799999998	-1.9592733333333356	2.406695999999997	21.66939136735287	40.51229462905241	1105.7805454670652	118.44974971740797	136.11613652777595	1359.6437954527087	-15.485731038417782	-239.9349109029689	-144.6833065694131	863.5364680386232	17.884741054176015	-78.85058733986135	239.5086265193387	-11.405195631093305	545.0165349742507
49.295843386243334	10.61406243386243	-6.717760846560844	-10.830897354497372	21.05451322751323	49.11351210033992	157.27769640871986	2529.5583100140916	229.19881703428038	714.6170484316299	2575.792660543863	68.4442065663402	88.04715783909406	105.89538216487009	1293.6428196878755	35.621692492018624	-29.784054336804857	308.44585244868864	-89.90959030453237	758.4148839323648
52.71164492753623	94.56969461697719	38.084456521739135	2.5042950310559005	5.712152173913052	29.482972794213413	-164.94865370160076	2833.440703655188	-9.869914059433789	591.7523653371369	1020.9537582915902	-88.91186393665045	636.3621434213604	66.53998886531198	1044.2612770092303	-12.48185842836889	-107.20501743075445	53.844332323904084	-10.302053817152736	555.8655370192868
44.8307934640523	-20.92526274509802	-23.737092810457536	-0.2965790849673189	26.135277124183023	29.762494723355957	181.14398687253143	4383.428911979332	127.36211882266153	565.7823369599278	2045.4613147822347	42.467455311770664	-589.8115305521519	-359.61998706028095	2888.1634435875353	-21.853978750607006	-496.50404737816757	167.7962274989225	75.21418335524966	761.0242816826792
52.68463001293664	80.28112289780081	16.99983570504529	-5.876508408796898	18.54963518758085	21.138459521583073	62.98522042063237	1916.414936620087	37.08542284606943	187.28540968513335	1701.0846189574845	27.889634080976794	85.71172982703595	35.85889957882538	1547.68852008434	-50.353140604574875	-170.50568226693738	-62.53977867313211	-98.37226798107547	719.97728762629
44.92484537389101	-5.91458681875791	19.515906210392906	-11.882429657794699	40.47583269961977	72.0881837023266	333.13306928442086	4494.750787773514	206.02242768004757	1014.2814967814646	2147.9998897301143	81.0196208651226	211.1947768049031	203.6913828874593	2397.8091005897945	-73.5228803123075	-190.69058020844116	-32.22769155054534	-203.2328697753036	932.2908304891203
52.47361855670103	49.715719358533846	11.03795074455901	-2.1128854524627756	22.677998854524652	37.55546292322952	122.05752396511598	1679.648843468775	-60.31582281832999	-278.1216967984739	1056.4051737490047	-3.8645862266387923	-77.57472147300788	106.94115341114038	888.7046034210143	-25.59848498440028	-30.283858251180636	448.92079844095184	147.41136003907744	676.6810909266889
36.23517529571466	46.97057358929601	36.65664475470219	6.77741923598991	27.35213438045379	33.309279751315195	10.062930382484971	2973.4558568712996	35.74681917008751	-160.46401962346076	2131.7705369042496	40.59992387880761	-206.97261357787497	204.05740153597864	2630.660714987707	-18.71978903790574	-439.01923412865966	626.7416802994375	196.16728989712342	1053.6955607341245
48.897259803921536	5.01476715686273	-11.056700980392144	-20.103986519607837	34.70014460784311	59.18645188103131	369.9263834220135	4885.259610987446	195.24048858285263	939.0990074826152	2824.884138890977	-12.560171793943411	-42.60910775176316	6.423500656508152	1660.3433675623166	-67.22640690766772	-834.6482898253975	135.0274759972007	-136.5043521208219	774.9834352045789
52.18217310087168	34.61727397260275	25.74035616438356	-9.648674968866759	26.820414694894136	44.29163739095762	215.028358891554	3474.810127317214	-41.316965924666114	-364.087424259473	1057.1097497137453	-34.994742305329204	-250.03647013014506	168.4475995766388	831.7634600948514	-97.01221430341532	-759.1171614523455	292.29444955840245	91.12450085275795	761.8873100011281
30.909397790055223	16.302513812154686	30.299727900552462	3.3978598066298322	29.38272859116018	32.014949174635994	72.60518245928452	3391.04778401362	90.44858676293453	91.19653324132723	2144.2281721372897	51.36965335963494	-304.2781988506189	229.0409849231793	2470.6132213263413	-10.591040008058373	-284.32715066303325	336.64165072242037	79.27527433556902	828.783027352442
47.45110068493158	32.190444520547906	-2.439243835616441	-7.440865753424658	16.386202054794527	68.83331870013639	283.8088821223664	3499.4768967071914	133.28846935948204	497.84056725702067	1849.675309443284	46.6800698015519	331.3185780074477	-32.6709241302798	1076.9659326778683	-97.7312217771932	-832.3284137226946	-725.8603724493623	-77.95303106548133	1479.816961721502
54.03465702479339	80.16778615702474	12.58893904958676	-1.8965650826446305	9.679733471074387	13.222072508401062	-31.981406466937823	869.6309644656336	49.8585944377732	29.167656617131783	1712.5441940200456	-12.80300579091677	14.222159114698206	-105.92442766460731	1192.4003187602266	1.89920371024009	-63.57127128013582	268.2455625705316	103.73110102500915	462.3012499764827
36.49637897125564	15.786238275340379	-36.60059455370654	-1.5965317700453867	-8.82870877458396	62.39346276485276	285.5725764853437	2411.783357190577	192.40206008537933	848.7130186151933	1413.3546775875047	-5.753415742498645	-346.20485461837586	-363.40061519665	1588.9669560886286	-36.13291655892885	-88.02980066470211	-116.50843415741053	94.46131166015982	559.0561601519514
51.90606744868028	4.64500391006842	22.192231671554246	-7.955473118279574	36.740023460410555	36.83411324765012	140.013384842356	1832.2756410166028	62.89493862953534	223.74537089547744	956.1648481213034	17.604017546085213	-78.17905098250982	55.0647317694322	742.4750228162382	31.040567266257302	151.43978781613492	36.35896253024428	-21.95491838674996	355.5969083885016
44.50399721448472	31.576296193129018	-43.56815320334262	-20.855348189415036	-8.790890436397401	158.74175701299123	621.2902565894977	3934.760090860277	662.1484959410768	2390.825707826251	4013.8026116172036	114.71880629150908	433.5597374903183	101.9476198788751	2110.5009055212895	11.923652458058228	3.90701042065842	87.98927050610764	-45.59552540846211	383.7306341736972
50.151237265415524	65.80009115281507	-0.8645026809651475	-15.604843163538876	-25.930764075067028	34.950176124670264	177.77794280947182	2130.6036111311037	68.38436983642693	380.2355055846944	1278.0990837003956	30.25823745742623	66.46024452189704	89.09969264586273	1133.692506445912	70.98745832874164	348.84433576267713	14.429433455056117	-6.577640082578056	542.1371767325436
51.28049558823528	52.70412352941177	23.871086764705918	1.9092602941176555	15.36546176470587	48.56706702350988	145.71736037848612	1463.8475863494466	-19.83763686799957	104.91386474075291	1459.141771241002	-121.96597525988105	-157.50019448950664	187.07598321859172	1887.034597160189	-28.715854384727496	1.6065135091349683	325.44662261434667	124.11810832539359	470.60128727206705
48.12729945054951	59.65678571428561	6.162958791208786	-10.373381868131867	-15.060211538461513	29.52760608340632	95.47491573999213	1501.5522317205648	84.25401783514218	342.83240649803776	1019.3946735724793	0.896036678911062	30.854975045918355	-0.4237284882638251	800.7062701618693	26.449905659499166	25.727194677197833	182.9017964912827	-4.669054991494067	358.4371636530538
52.73541613588109	62.22617834394899	7.66079193205945	6.301891719745225	-9.817594479830145	20.271942187765088	49.67745926548742	885.7150316624598	89.28280791036373	343.06046327489946	1768.758697888768	0.10371422764952481	-319.23489173652735	-145.63236309259335	1286.6015660880637	10.370601924666769	-16.09353809779988	366.7930479506176	60.70863272331537	463.99687786740037
49.53867027027025	56.3475567567567	-0.7402468468468382	-12.03117657657659	-2.2588486486486485	78.58034786425135	335.28292756015543	2944.2090588521855	312.410108597886	1343.209711706802	2215.14718393366	77.96955688772348	64.9862888694816	-155.32881182016385	1947.0999368372918	-11.889262009554427	-363.0810637563385	104.55365270582894	-8.890830447148755	691.7821282761917
54.01869282136889	80.172470784641	12.669210350584313	9.050505843071784	-13.947348914858102	13.974891678596242	-36.625928549875894	1777.2154625362903	-28.729916047237918	768.9270984568975	1148.4485865333818	-14.541844437270242	-136.55860225316806	-150.25094152209715	1162.5136526205843	20.640046478797448	-62.3268543983407	123.10381379459656	10.128113593858409	389.3165695093103
52.70371380846326	77.05400779510019	-0.5075645879732759	-5.0336525612472185	-13.520994432071292	14.877007112971908	55.861240923166335	1120.3106456357978	74.02299004443312	58.83060583624951	1216.9928362346934	-7.199838621055934	-370.6406970906817	-150.8495117726597	968.1413098280625	3.2423055004799117	-99.67661176841757	208.11379110670708	-32.31809992286998	373.93101080063707
51.096395380434764	80.8402921195652	17.623570652173907	15.541679347826094	12.680480978260869	63.98112291840252	-17.14335528941139	2499.3672730546114	205.37788298497256	829.1159733604759	2349.535468187943	-179.6640374805574	-16.81818336149409	-407.3210492518012	2391.465145130872	-8.839072851854187	-230.77570080762243	110.7010514456374	66.76215179960711	554.7954952197464
52.624262845849785	62.16682015810277	-4.862084980237161	2.8871403162055365	-11.303792490118559	19.71624694079347	93.9240374840295	1038.3174789617285	35.60452528320625	-41.35772306864267	934.8087197931739	-26.117816801703682	-313.4031784214052	-781.8680007943997	2036.3336198123268	-0.37359379762610495	48.80262833771409	191.82842629629036	-70.59658555480873	500.1848175162276
53.21217021276594	76.59819148936161	16.652241134751772	2.5454113475177285	6.791243498817964	22.392534670791246	-48.75492432928422	964.8397276961932	1.6911044660479913	108.82616123514909	1030.476224407575	28.276773810598115	101.50317886922187	-206.20788749989924	2004.3517774714549	-7.949633894874532	-15.910695052537546	221.7297736505038	-49.432425836569294	631.876001933616
52.55307263513513	67.72952871621615	15.46788344594596	-1.2048260135135171	-7.1225709459459505	17.480339560602516	48.25089870146156	1137.968993350527	48.06761323650644	51.64802673223223	1118.8294221401306	12.27407251607868	-68.88350689097602	32.13430725000869	1063.5091386133108	2.9530287036328957	122.48244909916558	265.1252841209536	-13.78137221316313	438.1188643260478
51.60188997214487	68.21768662952643	12.726767409470746	-7.550881615598888	-8.279838440111421	37.873515707949636	234.8271770114807	3143.6059209031946	120.7756800468319	800.851413056638	1258.3056447968768	64.05366024004505	-1.3823227901999051	-768.3531237997616	2694.253104820246	35.57581662223292	-13.69485338948309	256.39973382030666	-250.2895839285971	453.47082937222694
49.354505511811055	25.176365354330688	9.061637795275592	-16.05796377952755	8.068363779527555	13.469613824772761	135.98414586255316	2610.7960979137606	90.31181503821682	493.19146551501086	1257.630952407391	7.151610288776744	-97.93655271402082	-96.78191386562096	1184.1102364853027	18.252393606656337	160.75338330016228	150.34690360735337	95.80346464666631	643.141180533805
53.878514450867044	67.41265317919074	-7.052385356454711	-12.056464354527952	-15.369389210019275	16.516174816265167	86.20355322273824	1238.628297860448	80.38642259131052	730.7142061958294	1483.8024369998625	54.11729513291467	61.56362038615839	-155.49902944098437	1775.3632006841835	6.4662895297092	25.379427866940574	149.91969159760703	11.014598788440084	351.94004791402625
53.153493351063794	81.83668749999997	3.7318617021276688	-3.6896648936170253	-9.235345744680853	16.338141226019612	38.51781365683175	1077.095698379738	41.585403011048584	294.25477809773906	1500.211213534066	-32.61719381559104	-50.36599347506653	368.3589637524614	1282.801562238768	-24.34736868049031	-79.48137052958779	392.10842326734377	260.7232549443189	698.4557765028009
53.5110896445131	69.62748068006182	18.892595054095825	1.7083153013910344	-8.812545595054095	13.865335250078228	26.13077990745065	901.3389958941399	19.68905888019609	-64.14083893363494	907.3739301420459	-42.00082916273183	-381.25922872961127	-68.58370301296912	1258.1854557645713	22.07414081243356	8.735986497187099	98.66118833238659	-74.51143804744758	309.36828023864757
54.36383876811591	89.51863224637682	2.876838768115942	-11.23855434782609	-16.121480072463758	19.08575086349704	-78.79746995059801	1939.962694326715	34.74289157545357	466.218581598315	992.7335669939313	-2.3140802487988394	201.24393325265825	103.09062665156355	816.1245077724087	-31.763360881750785	188.86281223830662	151.64011387549564	55.01908691865549	420.01508687279085
54.18814841849142	57.954334549878375	38.065463503649646	2.5178978102189786	26.411242092457456	24.975044761426954	133.2805336960887	1846.0198893807778	84.46361722804447	493.4240953631836	1204.2831238715382	-5.246240049310043	34.0729967227521	-34.72153467891201	1111.3334220893134	7.646201107621325	-95.6230647318436	161.12024059581847	27.15337388970286	511.99854749491925
52.272750708215305	64.18675354107658	21.78328045325782	-7.036771954674221	2.0708696883852653	48.32622957241452	-52.91478581498129	1117.7072329817515	-67.12790977144506	728.271694213596	1870.752175034657	-35.55666074484993	159.9309879726342	-305.94512276084026	2192.2183593035174	14.635923060998792	-28.575431083107947	147.9339451512773	-53.25113359776184	424.981996079336
53.2039233128834	60.897697852760736	3.913216257668713	-8.599677914110424	0.36287730061349605	32.861214886757146	138.95606651824028	1673.2852200789525	72.52721100431422	445.6964200300658	820.0865986817604	17.214818392797998	-56.47030442262119	-73.28998052057382	1049.975852393193	1.971663300406496	-43.17637532081557	147.53713640076762	-56.358716317842166	466.59448624261336
54.86752681992341	78.7301570881225	25.45358812260535	-2.0334061302682	8.634312260536397	26.095475755027817	33.99689149578697	1145.984955764596	83.74835862886258	292.6979776911376	1343.8484849280576	2.0441382790916105	-253.47419846110606	-153.60893989716072	1316.422917417434	21.78875858262136	-160.10912613525934	202.99863789681257	35.543321490803145	458.26355850211024
55.94161470588234	77.75168676470581	25.090172058823516	-9.326511764705884	6.259160294117649	6.1207015897837325	3.5422086454887536	697.6245671033543	29.73324044129324	-296.5934273534577	1148.1627960277483	0.9969323601730071	-119.7651496779499	87.84272417334776	903.4190398557437	5.783681739701564	-123.35935689684914	183.39942579153774	56.46637756879758	400.7188983081296
50.24734246575339	65.27892636986303	-23.840869863013676	-15.545335616438363	-15.045044520547961	63.560341256004904	250.91347361083234	2696.558512109306	332.44582417974794	1943.8659509838972	3576.045563137173	45.98501083240287	202.64281695131592	-263.2422958895432	2024.0172819181848	3.5945281659316763	67.15719459090005	102.5857494886705	-52.32218083857197	436.4006641315795
50.95755878084173	63.17967489114659	-24.121461538461556	-12.349384615384613	-5.590058055152399	27.995229184135535	64.82209202201298	2267.461547363101	78.58961924338509	1605.076916674332	2767.6133399814685	-24.89335732354583	150.61177226973342	115.91878841609878	1617.7865829768903	-15.68908063229137	113.94260998112567	209.9717761168915	87.8148522432734	536.077085178051
55.15827145085801	49.740999999999985	52.725196567862696	-0.5439812792511665	20.112815912636478	27.040652113521897	208.60576001404078	2434.7943507301106	60.46255364866958	269.1814240873635	951.4710333466958	-8.016787877156666	-106.84110319344781	265.065922289612	669.3673149294476	21.11959677227956	111.20651132761307	138.2787705338455	-6.440230377208972	347.80922222508224
54.799867346938775	69.70188945578232	27.22595408163262	-12.489911564625853	7.323911564625847	11.54264339736915	20.562681529553668	637.0462085915216	29.594789288126467	31.770073457508982	694.2055634859875	7.046659605268644	27.43190695195286	-0.9795992850548747	552.3567577268731	33.4512391617382	-44.171500487667196	266.8585193632863	34.06528095680038	452.5067430329959
53.3548252279635	58.77232978723412	-14.470465045592713	-11.156191489361708	-15.278832826747696	19.392985256688764	48.024284019643645	1051.7925318532455	113.79503426066823	692.0718562065573	1875.1629187502974	-42.6642857796676	-284.842273876059	-322.4125749157987	1551.255784504365	11.148741612803839	192.0190343430446	201.79931489841172	6.185976410431317	257.9020173550315
52.8774796875	50.50059687499998	23.019271874999998	4.228710937500002	21.020637500000007	38.4179146277124	180.13446975743648	2171.7522393156137	151.3120039320849	529.0750566064747	1559.9854827323352	-24.115930891027908	-286.64516853527806	-165.77258470734856	1399.790803230505	-28.835122158925806	-142.41653338832032	21.270911823554712	-257.22089834384764	700.0687021654692
51.95777547169813	80.81456415094344	6.669358490566031	6.536890566037735	-11.009033962264136	31.69841625713418	92.9827588493093	1102.9068158685257	117.37923915030258	441.55384126379494	1388.2120028941263	2.567156873542186	-160.75568104958356	-129.44899017775003	1423.9546573691553	21.735219977280174	70.20606031727304	282.8388801989675	57.97286862269848	363.8076697384693
54.41068176254583	43.70045532435742	22.98201346389228	5.812264381884944	15.353237454100363	15.73507508599542	150.64989995640687	2672.260380742496	53.49889512423579	222.70346917502013	1092.3878486130386	-1.0786805352028288	-169.90353768219103	38.51768943340492	971.3965637465038	-8.578672365069684	-82.41718121950171	119.24281695151531	-21.330372275752925	432.518469221461
53.52043396226421	46.40536037735847	14.168566037735857	-6.643186792452832	-10.07697547169812	30.009877989035243	74.01112025870411	1080.1559502493728	83.43948620719131	616.7999387488436	1652.8836841890368	3.139941888608021	198.58226172769304	-31.112450705589108	1772.5483049934094	-4.38408025970096	41.29874529682096	200.03993844083286	116.252506814016	428.48706898241744
54.582330136986286	79.44228904109589	10.976957534246587	-4.582746575342465	5.756765753424659	26.00123451429722	240.11285065937184	3130.281475726051	119.29925918114283	591.7021312547404	1589.5569546872393	-32.96075256722649	-442.22959166914035	-625.374166830334	1447.819175254952	19.995694595141693	84.71182187181633	341.48917368183334	-166.2811042474854	463.7406229601968
53.35828343313372	79.49366267465055	35.17446506986026	7.026880239520954	-18.90502395209581	16.975114254995013	20.673847874052285	1163.5456697245356	44.2780965607985	-114.81186826427785	878.5889552906954	-16.405751846295434	-233.57672400446998	-389.8938542656606	1580.6353603209852	5.602478727347705	-103.01581114780029	119.95346836842481	-1.4188410587567504	484.7097084465321
53.580520547945206	85.80954794520552	5.31445890410959	-11.560383561643832	-32.798979452054795	15.773283413961336	-51.66941116194411	1308.6059487134555	20.87395706248823	612.2490918307376	1759.4291337962568	76.64933593938828	-50.309894241883995	-447.9829919541191	1824.7220996610997	2.3932442701257233	16.684862118877852	363.14801587413206	-130.79146483458425	339.00198256807084
52.433393148450264	53.39083034257745	11.11894616639479	1.9697618270799302	-0.35389233278955945	32.65515492700035	13.383695042230759	1566.0733006955215	91.98918182051209	415.15671718336256	1542.2566352189613	40.91371763523599	177.9006770868352	199.2698893395437	1407.3383719856874	-73.25583195913178	-227.12512222643159	-9.595525703828704	-124.2237184555964	685.0612804484404
52.882234421365034	75.40571810089007	-0.23912314540060095	9.429019287833823	-7.471643916913955	36.39243535454219	-61.41168968020772	1498.0540113715708	144.20853390572273	-72.8196181563763	1656.4129348646584	-91.50149705645042	-246.1237616681533	-934.2331238759624	2375.0053050693614	-12.224310516707924	50.3784442962251	221.2481784310902	109.2920351281467	469.3066701462022
51.84447455089828	78.92709431137726	18.68945958083833	-3.3499461077844312	-12.09011227544911	39.59400875534036	74.50679082350794	1669.848956696196	42.0110271801091	397.77030016324306	1099.5720122004632	-12.982276018089568	125.24463396946815	-211.73599761608494	1820.541531652786	17.041057680525913	265.02665632645744	253.9513026174682	149.42426614826644	611.1982786475745
53.93093358633772	73.63739089184058	16.890244781783682	-8.044622390891842	-11.078533206831132	20.4363868286063	49.018323464290695	1265.4970455549822	36.86261382840108	54.723973130123234	1006.6258027465333	-9.904176367710967	-104.31734282312603	117.71070830415262	777.5245159769561	23.237910023411306	-39.73023582952446	27.89972268839395	-4.094863054823182	476.23543674605065
52.231197590361376	74.63420722891564	-14.722392771084348	-10.69296626506023	-14.357154216867468	31.00312914650022	44.02704583616197	550.9626320775384	108.00148329206567	341.08487489826115	1838.642835963802	-4.525243365701848	-167.7570332816896	-132.17341832169	1037.6059874494638	-36.677823588805374	-76.62989357045142	-140.52215900515048	84.99729925339525	477.2652228581444
53.70814555256062	57.95269002695416	1.5162924528301889	-13.812793800539106	-10.726378706199458	18.37720942625379	57.54323436721982	1031.4599569982568	56.49472514206887	524.4651299464484	1355.1966815465444	12.880851874299845	-43.28692213958776	-332.46956261556	1874.4746213361877	4.8498016939356665	195.24586914541453	139.67483076304487	101.06189677889776	384.8338594967436
49.51595470383279	54.78089024390241	-7.173013937282221	0.42866550522648134	10.303322299651569	55.905165154742676	-42.19630761298548	1626.5622966586845	-52.91614468007378	848.0343587092718	3078.75684636566	-95.06944044023848	46.21342905213738	377.4275872514356	1152.2950670762664	-79.15655178853703	151.8858289203918	499.40833353410875	247.42940704160532	565.2657491731266
51.98726955307265	82.57965782122909	17.739191340782128	6.152009776536326	-2.76905167597765	30.01913591477129	147.29251234642516	2066.295808680399	129.65564980875868	790.3431990668706	1617.8602744787524	-23.097292453752623	-327.65882976481083	-156.46408133287602	1370.2613654202955	18.687261864488082	102.63481724209416	348.06598417748535	32.32834893625942	434.5473104009609
47.434514563106774	11.440493527508103	-20.09845792880258	-20.89501456310675	0.676606796116508	95.64203246014378	460.83747837226264	3854.059544233778	378.5318804492256	1663.3554573392707	2635.971791833988	120.75641109810859	575.2145351948905	59.27746667132459	1482.4025911858726	36.5081495534609	147.6539051600763	143.19723378919645	102.44225605738049	462.2682086398889
51.306351230425044	52.84968680089487	29.357044742729304	-6.02997986577181	18.892328859060406	52.966843355384356	177.32241991984847	1965.2788063806531	133.98538866661167	382.28850402072504	1250.6535314610858	15.490922453778364	100.36494262375578	88.95306120938999	830.3431233485878	39.882422394561765	84.9533110023273	343.1361827794691	34.2683519150789	452.8445191513597
39.63790268456374	58.561395973154355	33.76869966442954	-7.665879194630872	8.34225	66.52779803750958	231.8081886442389	4234.152381729109	112.38913960164525	3146.57121935886	4112.589754478588	35.29831970806498	1227.59955471559	1589.4115748936665	1152.857412549165	-85.0156844219798	-347.289965270134	-27.95096709437912	-26.495026703020105	966.1897470566277
53.545684931506806	75.12248140900195	-0.6218669275929564	-6.650080234833654	-5.144655577299411	11.092631890947112	-18.906368920730234	681.4813054668759	-6.701364637133735	21.070531728501354	774.4414374969685	4.186462182156916	-136.61315111988682	-67.30949008521334	830.0221907861262	-8.517743329839416	-56.118935326277864	35.7035285608205	20.214666796714944	238.45607430015994
47.86694551645856	63.21005334846761	10.173005675368898	2.6290783200908	-5.474721906923953	26.6224856224572	78.73868045807129	1548.9966915283665	24.36831499576889	-108.61238528293619	1130.1031652156307	-48.35580887768514	-300.2144501767097	-32.690055009525075	1098.7770791436951	25.420832084391	143.3176400544031	327.960237139171	113.02476758094386	568.1527745866824
44.272997425997445	78.23133719433724	11.271425997426	-3.5302252252252244	-3.3739755469755366	63.7454968159522	-22.4587249952711	3103.9771176803797	86.59378693674644	-44.14873104197065	3000.3645150295924	-7.660667753475486	-272.7929479189077	-150.3938089194985	2864.84502035468	-89.86736075025892	-405.9666978512312	897.9723682585662	291.32571055634435	1309.4312455811275
54.43808392857144	103.34126607142856	29.222101785714283	-2.247305357142861	13.535428571428579	34.880215959027474	-52.96803825983097	743.641492263135	54.40498426645729	141.99595761220326	1331.3771858057112	-37.25782088687178	92.44843898481832	126.32580524536664	1014.4242602406847	-11.291057157397958	-34.10649173010209	387.4462137242346	192.21231746658174	679.4531598198985
52.09421818181815	77.53526883116888	5.31536883116884	3.0810844155844124	-11.826948051948069	25.305892058890237	80.00982431017714	1523.0259168666898	108.13275880134586	462.2635681670804	2255.048043123707	-27.032877517119193	-172.14444922658973	37.69553109354063	1611.5447686383284	33.16277482373082	-41.76318852825099	464.7344995548662	48.25075475016016	463.5843832310678
52.52760835913308	67.5773250773994	31.30650154798761	0.8352213622291027	12.867314241486067	47.42741788841306	358.4221346722051	3715.2912182379796	53.88937588528116	621.5351290892801	840.3930858475203	6.56175985604433	37.50248893113604	98.06803188278425	722.6132763333513	-62.813308977549454	-447.28781554332926	130.37980767675808	36.35436519359672	568.722929735617
48.068773291925496	72.22766770186344	23.646419254658397	-6.583402173913048	1.8073726708074525	36.45560450760966	-42.77304345421667	1239.4169164299494	18.519835391632267	-121.47781585136558	676.6726700167717	-3.5684304762692443	-159.31791770351728	0.8852933580542363	660.8667970820454	-16.882718045947296	4.9507690679371725	120.42352721487406	16.66509150236293	402.57908476484323
52.56805397727269	65.78064346590908	17.124160511363616	-6.821164772727275	-4.882612215909091	28.80077253401829	105.52755182606296	1316.0728997606661	62.78919534644962	279.2100544776823	973.1494755182703	-4.038983121787834	-22.554898810167586	60.47604966423201	611.446260538191	-32.159211138829285	-297.48250735890076	-32.382909214232384	-38.18597307956967	406.9693903879756
53.88314312977104	61.61531870229008	3.9966832061068733	-7.90390458015267	-8.525435114503825	10.270510095926074	54.28886132652156	1116.3184564461383	60.25884417511365	265.54460499981775	1127.8768677813214	3.183835474892217	14.452183301650518	-464.05927814343505	1839.0250109756278	-7.307243634287038	-201.86312762659497	95.84769336025005	-12.223535880237181	471.47764990609465
54.65587422360257	65.80844099378889	43.34018322981366	-0.16429968944099316	12.100588509316765	24.45381619691323	130.31433819366535	1540.095305681301	40.271277790126724	175.12674999994215	857.6239073701535	22.25055780857945	21.415299312285356	118.54325865894921	720.8949662781982	13.12466517029387	31.894720839849892	151.0961560257079	82.69256677109055	480.2577339688742
42.84851923076921	5.765504807692301	-32.55285256410254	-10.474274038461536	52.62681730769234	59.39331574001484	199.18775473468332	4615.013891073686	-21.118111988412267	-577.695013435004	1658.4330245680053	63.20359290510971	537.2676987056446	-350.01158201408396	1555.314697897659	33.26345297787227	-63.793050223480606	1.5138941102687518	30.242413570127546	437.193361982649
39.81193125000001	13.11465625	34.160050000000005	4.551006249999999	23.535324999999993	24.794295664023444	50.53716943886718	2331.8163619130864	70.44337967218749	546.7280466546879	1608.9480317350003	61.51888222542972	241.7443485521485	319.0448557371876	2485.4181521687133	41.49141168484374	146.7566997367188	645.138588615	-9.708671064531181	911.845230131875
55.205504629629644	81.32059722222218	22.517858024691336	2.9616141975308667	4.553527777777778	22.43601256170701	-81.268648110018	948.027494598572	-5.238076030206895	281.36945707398803	1118.9755475570034	-57.05704818185579	204.0536010035581	87.9800411334972	1070.2135702215269	-25.63532097775209	118.2523603314045	329.35742083110364	153.63423528695128	767.7212554189811
51.95993493975905	58.336718072289145	3.810761445783127	-11.049154216867475	-17.60990120481929	18.932673660827398	-30.576158456896433	1668.5182222409992	-7.333871572146847	1594.982437532746	2401.0745678924923	-32.466390207623704	295.3601127782086	230.2110907535723	1379.5345064629655	-37.42713302248804	1081.6844916712291	1241.8326757922418	332.78636319354916	949.450592484216
51.76720571428571	95.23718285714284	7.105602857142851	-0.2904942857142852	-3.5160942857142863	81.43813073482455	-439.85774064904496	3191.5828571037046	141.3847426816978	-873.1403430788092	1130.9003407651348	-121.24270851260397	840.5716069903842	-969.9404660248731	2686.615308649967	-112.749315180604	642.6416657172412	-157.16843261458786	55.754769239110225	469.31295072539604
